id,Groups,GroupsId,shoummName,calorie,edible
1,"五谷类,豆类的食物热量表",1,油炸土豆片,612,100
2,"五谷类,豆类的食物热量表",1,黑芝麻,531,100
3,"五谷类,豆类的食物热量表",1,芝麻(白),517,100
4,"五谷类,豆类的食物热量表",1,油面筋,490,100
5,"五谷类,豆类的食物热量表",1,方便面,472,100
6,"五谷类,豆类的食物热量表",1,油饼,399,100
7,"五谷类,豆类的食物热量表",1,油条,386,100
8,"五谷类,豆类的食物热量表",1,莜麦面,385,100
9,"五谷类,豆类的食物热量表",1,燕麦片,367,100
10,"五谷类,豆类的食物热量表",1,小米,358,100
11,"五谷类,豆类的食物热量表",1,薏米,357,100
12,"五谷类,豆类的食物热量表",1,籼米(标一),351,100
13,"五谷类,豆类的食物热量表",1,高粱米,351,100
14,"五谷类,豆类的食物热量表",1,富强粉,350,100
15,"五谷类,豆类的食物热量表",1,通心粉,350,100
16,"五谷类,豆类的食物热量表",1,大黄米(黍),349,100
17,"五谷类,豆类的食物热量表",1,江米,348,100
18,"五谷类,豆类的食物热量表",1,粳米(标二),348,100
19,"五谷类,豆类的食物热量表",1,挂面(富强粉),347,100
20,"五谷类,豆类的食物热量表",1,机米,347,100
21,"五谷类,豆类的食物热量表",1,玉米糁,347,100
22,"五谷类,豆类的食物热量表",1,"米粉(干,细)",346,100
23,"五谷类,豆类的食物热量表",1,香大米,346,100
24,"五谷类,豆类的食物热量表",1,籼米(标二),345,100
25,"五谷类,豆类的食物热量表",1,挂面(标准粉),344,100
26,"五谷类,豆类的食物热量表",1,标准粉,344,100
27,"五谷类,豆类的食物热量表",1,血糯米,343,100
28,"五谷类,豆类的食物热量表",1,粳米(标一),343,100
29,"五谷类,豆类的食物热量表",1,黄米,342,100
30,"五谷类,豆类的食物热量表",1,玉米面(白),340,100
31,"五谷类,豆类的食物热量表",1,玉米面(黄),340,100
32,"五谷类,豆类的食物热量表",1,素虾(炸),576,100
33,"五谷类,豆类的食物热量表",1,腐竹皮,489,100
34,"五谷类,豆类的食物热量表",1,腐竹,459,100
35,"五谷类,豆类的食物热量表",1,豆浆粉,422,100
36,"五谷类,豆类的食物热量表",1,黄豆粉,418,100
37,"五谷类,豆类的食物热量表",1,豆腐皮,409,100
38,"五谷类,豆类的食物热量表",1,油炸豆瓣,405,100
39,"五谷类,豆类的食物热量表",1,油炸豆花,400,100
40,"五谷类,豆类的食物热量表",1,黑豆,381,100
41,"五谷类,豆类的食物热量表",1,黄豆,359,100
42,"五谷类,豆类的食物热量表",1,"蚕豆(干,去皮)",342,93
43,"五谷类,豆类的食物热量表",1,卤干,336,100
44,"五谷类,豆类的食物热量表",1,虎皮芸豆,334,100
45,"五谷类,豆类的食物热量表",1,绿豆面,330,100
46,"五谷类,豆类的食物热量表",1,绿豆,316,100
47,"五谷类,豆类的食物热量表",1,杂豆,316,100
48,"五谷类,豆类的食物热量表",1,红芸豆,314,100
49,"五谷类,豆类的食物热量表",1,豌豆(干),313,100
50,"五谷类,豆类的食物热量表",1,红小豆,309,100
51,"五谷类,豆类的食物热量表",1,杂芸豆(带皮),306,100
52,"五谷类,豆类的食物热量表",1,"蚕豆(干,带皮)",304,100
53,"五谷类,豆类的食物热量表",1,白芸豆,296,100
54,"五谷类,豆类的食物热量表",1,油豆腐,244,100
55,"五谷类,豆类的食物热量表",1,白薯干,612,100
56,"五谷类,豆类的食物热量表",1,土豆粉,337,100
57,"五谷类,豆类的食物热量表",1,粉条,337,100
58,"五谷类,豆类的食物热量表",1,地瓜粉,336,100
59,"五谷类,豆类的食物热量表",1,玉米(白),336,100
60,"五谷类,豆类的食物热量表",1,玉米(黄),335,100
61,"五谷类,豆类的食物热量表",1,粉丝,335,100
62,"五谷类,豆类的食物热量表",1,黑米,333,100
63,"五谷类,豆类的食物热量表",1,煎饼,333,100
64,"五谷类,豆类的食物热量表",1,大麦,307,100
65,"五谷类,豆类的食物热量表",1,荞麦粉,304,100
66,"五谷类,豆类的食物热量表",1,烧饼(糖),302,100
67,"五谷类,豆类的食物热量表",1,富强粉切面,285,100
68,"五谷类,豆类的食物热量表",1,标准粉切面,280,100
69,"五谷类,豆类的食物热量表",1,烙饼,255,100
70,"五谷类,豆类的食物热量表",1,"馒头(蒸,标准粉)",233,100
71,"五谷类,豆类的食物热量表",1,麸皮,220,100
72,"五谷类,豆类的食物热量表",1,花卷,217,100
73,"五谷类,豆类的食物热量表",1,"馒头(蒸,富强粉)",208,100
74,"五谷类,豆类的食物热量表",1,水面筋,140,100
75,"五谷类,豆类的食物热量表",1,烤麸,121,100
76,"五谷类,豆类的食物热量表",1,"米饭(蒸,粳米)",117,100
77,"五谷类,豆类的食物热量表",1,"米饭(蒸,籼米)",114,100
78,"五谷类,豆类的食物热量表",1,"面条(煮,富强粉)",109,100
79,"五谷类,豆类的食物热量表",1,鲜玉米,106,46
80,"五谷类,豆类的食物热量表",1,白薯(白心),104,86
81,"五谷类,豆类的食物热量表",1,白薯(红心),99,90
82,"五谷类,豆类的食物热量表",1,粉皮,64,100
83,"五谷类,豆类的食物热量表",1,小米粥,46,100
84,"五谷类,豆类的食物热量表",1,米粥(粳米),46,100
85,"五谷类,豆类的食物热量表",1,豆沙,243,100
86,"五谷类,豆类的食物热量表",1,红豆馅,240,100
87,"五谷类,豆类的食物热量表",1,素火腿,211,100
88,"五谷类,豆类的食物热量表",1,桂林腐乳,204,100
89,"五谷类,豆类的食物热量表",1,豆腐丝,201,100
90,"五谷类,豆类的食物热量表",1,素鸡,192,100
91,"五谷类,豆类的食物热量表",1,素什锦,173,100
92,"五谷类,豆类的食物热量表",1,素大肠,153,100
93,"五谷类,豆类的食物热量表",1,薰干,153,100
94,"五谷类,豆类的食物热量表",1,酱豆腐,151,100
95,"五谷类,豆类的食物热量表",1,香干,147,100
96,"五谷类,豆类的食物热量表",1,豆腐干,140,100
97,"五谷类,豆类的食物热量表",1,上海南乳,138,100
98,"五谷类,豆类的食物热量表",1,菜干,136,100
99,"五谷类,豆类的食物热量表",1,腐乳(白),133,100
100,"五谷类,豆类的食物热量表",1,臭豆腐,130,100
101,"五谷类,豆类的食物热量表",1,北豆腐,98,100
102,"五谷类,豆类的食物热量表",1,酸豆乳,67,100
103,"五谷类,豆类的食物热量表",1,南豆腐,57,100
104,"五谷类,豆类的食物热量表",1,豆奶,30,100
105,"五谷类,豆类的食物热量表",1,豆浆,13,100
106,"五谷类,豆类的食物热量表",1,豆腐脑,10,100
107,蔬菜类的食物热量表,2,干姜,273,95
108,蔬菜类的食物热量表,2,蕨菜(脱水),251,100
109,蔬菜类的食物热量表,2,"竹笋(黑笋,干)",213,76
110,蔬菜类的食物热量表,2,"辣椒(红尖,干)",212,88
111,蔬菜类的食物热量表,2,黄花菜,199,98
112,蔬菜类的食物热量表,2,"竹笋(白笋,干)",196,64
113,蔬菜类的食物热量表,2,紫皮大蒜,136,89
114,蔬菜类的食物热量表,2,大蒜,126,85
115,蔬菜类的食物热量表,2,毛豆,123,53
116,蔬菜类的食物热量表,2,豌豆,105,42
117,蔬菜类的食物热量表,2,蚕豆,104,31
118,蔬菜类的食物热量表,2,慈姑,94,89
119,蔬菜类的食物热量表,2,番茄酱(罐头),81,100
120,蔬菜类的食物热量表,2,芋头,79,84
121,蔬菜类的食物热量表,2,土豆,76,94
122,蔬菜类的食物热量表,2,甜菜,75,90
123,蔬菜类的食物热量表,2,藕,70,88
124,蔬菜类的食物热量表,2,苜蓿,60,100
125,蔬菜类的食物热量表,2,荸荠,59,78
126,蔬菜类的食物热量表,2,山药,56,83
127,蔬菜类的食物热量表,2,香椿,47,76
128,蔬菜类的食物热量表,2,枸杞菜,44,49
129,蔬菜类的食物热量表,2,黄豆芽,44,100
130,蔬菜类的食物热量表,2,胡萝卜(黄),43,97
131,蔬菜类的食物热量表,2,玉兰片,43,100
132,蔬菜类的食物热量表,2,鲜姜,41,95
133,蔬菜类的食物热量表,2,洋葱,39,90
134,蔬菜类的食物热量表,2,胡萝卜(红),37,96
135,蔬菜类的食物热量表,2,扁豆,37,91
136,蔬菜类的食物热量表,2,蒜苗,37,82
137,蔬菜类的食物热量表,2,羊角豆,37,88
138,蔬菜类的食物热量表,2,榆钱,36,100
139,蔬菜类的食物热量表,2,苦菜,35,100
140,蔬菜类的食物热量表,2,刀豆,35,92
141,蔬菜类的食物热量表,2,芥菜头,33,83
142,蔬菜类的食物热量表,2,西兰花(绿菜花),33,83
143,蔬菜类的食物热量表,2,辣椒(红小),32,80
144,蔬菜类的食物热量表,2,香菜,31,81
145,蔬菜类的食物热量表,2,苋菜(紫),31,73
146,蔬菜类的食物热量表,2,芹菜叶,31,100
147,蔬菜类的食物热量表,2,青萝卜,31,95
148,蔬菜类的食物热量表,2,苤蓝,30,78
149,蔬菜类的食物热量表,2,大葱(鲜),30,82
150,蔬菜类的食物热量表,2,冬寒菜,30,58
151,蔬菜类的食物热量表,2,豆角,30,96
152,蔬菜类的食物热量表,2,白豆角,30,97
153,蔬菜类的食物热量表,2,青蒜,30,84
154,蔬菜类的食物热量表,2,豇豆,29,97
155,蔬菜类的食物热量表,2,豇豆(长),29,98
156,蔬菜类的食物热量表,2,豌豆苗,29,98
157,蔬菜类的食物热量表,2,红菜苔,29,52
158,蔬菜类的食物热量表,2,四季豆,28,96
159,蔬菜类的食物热量表,2,荷兰豆,27,88
160,蔬菜类的食物热量表,2,蓟菜,27,88
161,蔬菜类的食物热量表,2,木瓜,27,86
162,蔬菜类的食物热量表,2,韭菜,26,90
163,蔬菜类的食物热量表,2,变萝卜,26,94
164,蔬菜类的食物热量表,2,白菜苔,25,84
165,蔬菜类的食物热量表,2,茭笋,25,77
166,蔬菜类的食物热量表,2,芸豆,25,96
167,蔬菜类的食物热量表,2,茄子(绿皮),25,90
168,蔬菜类的食物热量表,2,苋菜(青),25,74
169,蔬菜类的食物热量表,2,雪里红,24,94
170,蔬菜类的食物热量表,2,小葱,24,73
171,蔬菜类的食物热量表,2,菠菜,24,89
172,蔬菜类的食物热量表,2,菜花,24,82
173,蔬菜类的食物热量表,2,茴香,24,86
174,蔬菜类的食物热量表,2,小叶芥菜,24,88
175,蔬菜类的食物热量表,2,茭白,23,74
176,蔬菜类的食物热量表,2,油菜,23,87
177,蔬菜类的食物热量表,2,"辣椒(青,尖)",23,84
178,蔬菜类的食物热量表,2,南瓜,22,85
179,蔬菜类的食物热量表,2,柿子椒,22,82
180,蔬菜类的食物热量表,2,圆白菜,22,86
181,蔬菜类的食物热量表,2,韭黄,22,88
182,蔬菜类的食物热量表,2,油豆角,22,99
183,蔬菜类的食物热量表,2,毛竹笋,21,67
184,蔬菜类的食物热量表,2,心里美萝卜,21,88
185,蔬菜类的食物热量表,2,蒜黄,21,97
186,蔬菜类的食物热量表,2,茼蒿,21,82
187,蔬菜类的食物热量表,2,番茄罐头(整),21,100
188,蔬菜类的食物热量表,2,茄子,21,93
189,蔬菜类的食物热量表,2,丝瓜,20,83
190,蔬菜类的食物热量表,2,空心菜,20,76
191,蔬菜类的食物热量表,2,"萝卜樱(小,红)",20,93
192,蔬菜类的食物热量表,2,木耳菜,20,76
193,蔬菜类的食物热量表,2,白萝卜,20,95
194,蔬菜类的食物热量表,2,油菜苔,20,93
195,蔬菜类的食物热量表,2,竹笋(春笋),20,66
196,蔬菜类的食物热量表,2,芹菜,20,67
197,蔬菜类的食物热量表,2,芥蓝,19,78
198,蔬菜类的食物热量表,2,小水萝卜,19,66
199,蔬菜类的食物热量表,2,竹笋,19,63
200,蔬菜类的食物热量表,2,西红柿,19,97
201,蔬菜类的食物热量表,2,长茄子,19,96
202,蔬菜类的食物热量表,2,苦瓜,19,81
203,蔬菜类的食物热量表,2,菜瓜,18,88
204,蔬菜类的食物热量表,2,西葫芦,18,73
205,蔬菜类的食物热量表,2,芦笋,18,90
206,蔬菜类的食物热量表,2,莴笋叶,18,89
207,蔬菜类的食物热量表,2,绿豆芽,18,100
208,蔬菜类的食物热量表,2,西洋菜(豆瓣菜),17,73
209,蔬菜类的食物热量表,2,黄瓜,15,92
210,蔬菜类的食物热量表,2,小白菜,15,81
211,蔬菜类的食物热量表,2,牛俐生菜,15,81
212,蔬菜类的食物热量表,2,大白菜(青白口),15,83
213,蔬菜类的食物热量表,2,大白菜(酸菜),14,100
214,蔬菜类的食物热量表,2,大白菜(小白口),14,85
215,蔬菜类的食物热量表,2,大叶芥菜(盖菜),14,71
216,蔬菜类的食物热量表,2,旱芹,14,66
217,蔬菜类的食物热量表,2,萝卜樱(白),14,100
218,蔬菜类的食物热量表,2,莴笋,14,62
219,蔬菜类的食物热量表,2,葫芦,14,87
220,蔬菜类的食物热量表,2,水芹,13,60
221,蔬菜类的食物热量表,2,生菜,13,94
222,蔬菜类的食物热量表,2,笋瓜,12,91
223,蔬菜类的食物热量表,2,冬瓜,11,80
224,蔬菜类的食物热量表,2,竹笋(鞭笋),11,45
225,蔬菜类的食物热量表,2,面西胡瓜,10,88
226,水果类的食物热量表,3,松子仁,698,100
227,水果类的食物热量表,3,松子(生),640,32
228,水果类的食物热量表,3,核桃(干),627,43
229,水果类的食物热量表,3,松子(炒),619,31
230,水果类的食物热量表,3,葵花子(炒),616,52
231,水果类的食物热量表,3,葵花子仁,606,100
232,水果类的食物热量表,3,山核桃(干),601,24
233,水果类的食物热量表,3,葵花子(生),597,50
234,水果类的食物热量表,3,榛子(炒),594,21
235,水果类的食物热量表,3,花生(炒),589,71
236,水果类的食物热量表,3,花生仁(炒),581,100
237,水果类的食物热量表,3,南瓜子(炒),574,68
238,水果类的食物热量表,3,西瓜子(炒),573,43
239,水果类的食物热量表,3,南瓜子仁,566,100
240,水果类的食物热量表,3,花生仁(生),563,100
241,水果类的食物热量表,3,西瓜子仁,555,100
242,水果类的食物热量表,3,榛子(干),542,27
243,水果类的食物热量表,3,杏仁,514,100
244,水果类的食物热量表,3,白果,355,100
245,水果类的食物热量表,3,栗子(干),345,73
246,水果类的食物热量表,3,莲子(干),344,100
247,水果类的食物热量表,3,葡萄干,341,100
248,水果类的食物热量表,3,苹果脯,336,100
249,水果类的食物热量表,3,杏脯,329,100
250,水果类的食物热量表,3,核桃(鲜),327,43
251,水果类的食物热量表,3,金丝小枣,322,81
252,水果类的食物热量表,3,果丹皮,321,100
253,水果类的食物热量表,3,无核蜜枣,320,100
254,水果类的食物热量表,3,桂圆肉,313,100
255,水果类的食物热量表,3,桃脯,310,100
256,水果类的食物热量表,3,西瓜脯,305,100
257,水果类的食物热量表,3,大枣(干),298,88
258,水果类的食物热量表,3,花生(生),298,53
259,水果类的食物热量表,3,杏酱,286,100
260,水果类的食物热量表,3,海棠脯,286,100
261,水果类的食物热量表,3,苹果酱,277,100
262,水果类的食物热量表,3,桂圆干,273,37
263,水果类的食物热量表,3,桃酱,273,100
264,水果类的食物热量表,3,草莓酱,269,100
265,水果类的食物热量表,3,干枣,264,80
266,水果类的食物热量表,3,柿饼,250,97
267,水果类的食物热量表,3,椰子,231,33
268,水果类的食物热量表,3,乌枣,228,59
269,水果类的食物热量表,3,黑枣,228,98
270,水果类的食物热量表,3,密云小枣,214,92
271,水果类的食物热量表,3,莲子(糖水),201,100
272,水果类的食物热量表,3,沙枣,200,41
273,水果类的食物热量表,3,栗子(鲜),185,80
274,水果类的食物热量表,3,红果(干),152,100
275,水果类的食物热量表,3,酒枣,145,91
276,水果类的食物热量表,3,鲜枣,122,87
277,水果类的食物热量表,3,芭蕉,109,68
278,水果类的食物热量表,3,红果,95,76
279,水果类的食物热量表,3,香蕉,91,59
280,水果类的食物热量表,3,人参果,80,88
281,水果类的食物热量表,3,海棠,73,86
282,水果类的食物热量表,3,柿子,71,87
283,水果类的食物热量表,3,桂圆(鲜),70,50
284,水果类的食物热量表,3,荔枝(鲜)离枝,70,73
285,水果类的食物热量表,3,甘蔗汁,64,100
286,水果类的食物热量表,3,玛瑙石榴,63,57
287,水果类的食物热量表,3,青皮石榴,61,55
288,水果类的食物热量表,3,无花果,59,100
289,水果类的食物热量表,3,红元帅苹果,59,84
290,水果类的食物热量表,3,桃罐头,58,100
291,水果类的食物热量表,3,红星苹果,57,85
292,水果类的食物热量表,3,猕猴桃,56,83
293,水果类的食物热量表,3,黄元帅苹果,55,80
294,水果类的食物热量表,3,金橘,55,100
295,水果类的食物热量表,3,京白梨,54,79
296,水果类的食物热量表,3,国光苹果,54,78
297,水果类的食物热量表,3,桃(黄桃),54,93
298,水果类的食物热量表,3,海棠罐头,53,100
299,水果类的食物热量表,3,倭锦苹果,50,86
300,水果类的食物热量表,3,鸭广梨,50,76
301,水果类的食物热量表,3,葡萄(巨峰),50,84
302,水果类的食物热量表,3,葡萄(玫瑰香),50,86
303,水果类的食物热量表,3,桑葚,49,100
304,水果类的食物热量表,3,青香蕉苹果,49,80
305,水果类的食物热量表,3,红香蕉苹果,49,87
306,水果类的食物热量表,3,黄香蕉苹果,49,88
307,水果类的食物热量表,3,橄榄,49,80
308,水果类的食物热量表,3,莱阳梨,49,80
309,水果类的食物热量表,3,苹果梨,48,94
310,水果类的食物热量表,3,紫酥梨,47,59
311,水果类的食物热量表,3,冬果梨罐头,47,100
312,水果类的食物热量表,3,橙子,47,74
313,水果类的食物热量表,3,巴梨,46,79
314,水果类的食物热量表,3,祝光苹果,46,86
315,水果类的食物热量表,3,桃(旱久保),46,89
316,水果类的食物热量表,3,樱桃,46,80
317,水果类的食物热量表,3,红富士苹果,45,85
318,水果类的食物热量表,3,伏苹果,45,86
319,水果类的食物热量表,3,福橘,45,67
320,水果类的食物热量表,3,印度苹果,44,90
321,水果类的食物热量表,3,红玉苹果,43,84
322,水果类的食物热量表,3,酥梨,43,72
323,水果类的食物热量表,3,鸭梨,43,82
324,水果类的食物热量表,3,芦柑,43,77
325,水果类的食物热量表,3,葡萄(紫),43,88
326,水果类的食物热量表,3,桃(五月鲜),42,93
327,水果类的食物热量表,3,蜜橘,42,76
328,水果类的食物热量表,3,菠萝,41,68
329,水果类的食物热量表,3,雪花梨,41,86
330,水果类的食物热量表,3,番石榴,41,97
331,水果类的食物热量表,3,桃(久保),41,94
332,水果类的食物热量表,3,蜜桃,41,88
333,水果类的食物热量表,3,柚子(文旦),41,69
334,水果类的食物热量表,3,四川红橘,40,78
335,水果类的食物热量表,3,苹果罐头,39,100
336,水果类的食物热量表,3,枇杷,39,62
337,水果类的食物热量表,3,小叶橘,38,81
338,水果类的食物热量表,3,冬果梨,37,87
339,水果类的食物热量表,3,杏子罐头,37,100
340,水果类的食物热量表,3,杏,36,91
341,水果类的食物热量表,3,李子,36,91
342,水果类的食物热量表,3,柠檬,35,66
343,水果类的食物热量表,3,李子杏,35,92
344,水果类的食物热量表,3,哈密瓜,34,71
345,水果类的食物热量表,3,西瓜(京欣一号),34,59
346,水果类的食物热量表,3,糖水梨罐头,33,100
347,水果类的食物热量表,3,芒果,32,60
348,水果类的食物热量表,3,草莓,30,97
349,水果类的食物热量表,3,红肖梨,30,87
350,水果类的食物热量表,3,杨桃,29,88
351,水果类的食物热量表,3,杨梅,28,82
352,水果类的食物热量表,3,库尔勒梨,28,91
353,水果类的食物热量表,3,柠檬汁,26,100
354,水果类的食物热量表,3,香瓜,26,78
355,水果类的食物热量表,3,西瓜(郑州三号),25,59
356,水果类的食物热量表,3,白兰瓜,21,55
357,肉类的食物热量表,4,猪肉(肥),816,100
358,肉类的食物热量表,4,羊肉干(绵羊),588,100
359,肉类的食物热量表,4,腊肠,584,100
360,肉类的食物热量表,4,猪肉(血脖),576,90
361,肉类的食物热量表,4,猪肉(肋条肉),568,96
362,肉类的食物热量表,4,牛肉干,550,100
363,肉类的食物热量表,4,酱汁肉,549,96
364,肉类的食物热量表,4,鸭皮,538,100
365,肉类的食物热量表,4,香肠,508,100
366,肉类的食物热量表,4,母麻鸭,461,75
367,肉类的食物热量表,4,牛肉松,445,100
368,肉类的食物热量表,4,鸡肉松,440,100
369,肉类的食物热量表,4,北京烤鸭,436,80
370,肉类的食物热量表,4,广东香肠,433,100
371,肉类的食物热量表,4,北京填鸭,424,75
372,肉类的食物热量表,4,瓦罐鸡汤(汤),408,100
373,肉类的食物热量表,4,猪肉松,396,100
374,肉类的食物热量表,4,"猪肉(肥,瘦)",395,100
375,肉类的食物热量表,4,肉鸡,389,74
376,肉类的食物热量表,4,咸肉,385,100
377,肉类的食物热量表,4,公麻鸭,360,63
378,肉类的食物热量表,4,猪肉(软五花),349,85
379,肉类的食物热量表,4,猪肉(硬五花),339,79
380,肉类的食物热量表,4,猪肉(前蹄膀),338,67
381,肉类的食物热量表,4,宫爆肉丁(罐头),336,100
382,肉类的食物热量表,4,猪肉(后臀尖),331,97
383,肉类的食物热量表,4,茶肠,329,100
384,肉类的食物热量表,4,猪肉(后蹄膀),320,73
385,肉类的食物热量表,4,金华火腿,318,100
386,肉类的食物热量表,4,猪肘棒(熟),314,72
387,肉类的食物热量表,4,盐水鸭(熟),312,81
388,肉类的食物热量表,4,蒜肠,297,100
389,肉类的食物热量表,4,小泥肠,295,100
390,肉类的食物热量表,4,"羊肉(冻,山羊)",293,100
391,肉类的食物热量表,4,猪肉香肠罐头,290,100
392,肉类的食物热量表,4,烧鹅,289,73
393,肉类的食物热量表,4,"羊肉(冻,绵羊)",285,100
394,肉类的食物热量表,4,风干肠,283,100
395,肉类的食物热量表,4,小红肠,280,100
396,肉类的食物热量表,4,叉烧肉,279,100
397,肉类的食物热量表,4,肯德基炸鸡,279,70
398,肉类的食物热量表,4,蛋清肠,278,100
399,肉类的食物热量表,4,猪排骨,278,72
400,肉类的食物热量表,4,大肉肠,272,100
401,肉类的食物热量表,4,酱羊肉,272,100
402,肉类的食物热量表,4,大腊肠,267,100
403,肉类的食物热量表,4,酱鸭,266,80
404,肉类的食物热量表,4,猪蹄,266,60
405,肉类的食物热量表,4,猪大排,264,68
406,肉类的食物热量表,4,午餐肠,261,100
407,肉类的食物热量表,4,红果肠,260,100
408,肉类的食物热量表,4,猪蹄(熟),260,43
409,肉类的食物热量表,4,母鸡(一年内鸡),256,66
410,肉类的食物热量表,4,鸡爪,254,60
411,肉类的食物热量表,4,驴肉(熟),251,100
412,肉类的食物热量表,4,酱鸭(罐头),248,93
413,肉类的食物热量表,4,猪肘棒,248,67
414,肉类的食物热量表,4,腊羊肉,246,100
415,肉类的食物热量表,4,酱牛肉,246,100
416,肉类的食物热量表,4,鹅,245,63
417,肉类的食物热量表,4,鸭舌,245,61
418,肉类的食物热量表,4,烤鸡,240,73
419,肉类的食物热量表,4,鸭,240,68
420,肉类的食物热量表,4,羊肉串(电烤),234,100
421,肉类的食物热量表,4,猪口条,233,94
422,肉类的食物热量表,4,午餐肉,229,100
423,肉类的食物热量表,4,小肚,225,100
424,肉类的食物热量表,4,羊舌,225,100
425,肉类的食物热量表,4,羊肉串(炸),217,100
426,肉类的食物热量表,4,羊肉(熟),215,100
427,肉类的食物热量表,4,扒鸡,215,66
428,肉类的食物热量表,4,火腿肠,212,100
429,肉类的食物热量表,4,卤煮鸡,212,70
430,肉类的食物热量表,4,猪肝(卤煮),203,100
431,肉类的食物热量表,4,鸽,201,42
432,肉类的食物热量表,4,猪肉(清蒸),198,100
433,肉类的食物热量表,4,"羊肉(肥,瘦)",198,90
434,肉类的食物热量表,4,牛舌,196,100
435,肉类的食物热量表,4,鸡翅,194,69
436,肉类的食物热量表,4,猪大肠,191,100
437,肉类的食物热量表,4,猪耳,190,100
438,肉类的食物热量表,4,猪肉(腿),190,100
439,肉类的食物热量表,4,瓦罐鸡汤(肉),190,100
440,肉类的食物热量表,4,卤猪杂,186,100
441,肉类的食物热量表,4,腊肉,181,100
442,肉类的食物热量表,4,鸡腿,181,69
443,肉类的食物热量表,4,羊蹄筋(生),177,100
444,肉类的食物热量表,4,鸡心,172,100
445,肉类的食物热量表,4,煨牛肉(罐头),166,100
446,肉类的食物热量表,4,酱驴肉,160,100
447,肉类的食物热量表,4,猪蹄筋,156,100
448,肉类的食物热量表,4,猪肉(里脊),155,100
449,肉类的食物热量表,4,牛蹄筋,151,100
450,肉类的食物热量表,4,鸭掌,150,59
451,肉类的食物热量表,4,牛蹄筋(熟),147,100
452,肉类的食物热量表,4,沙鸡,147,41
453,肉类的食物热量表,4,鸭翅,146,67
454,肉类的食物热量表,4,鸭心,143,100
455,肉类的食物热量表,4,火鸡肝,143,100
456,肉类的食物热量表,4,猪肉(瘦),143,100
457,肉类的食物热量表,4,羊脑,142,100
458,肉类的食物热量表,4,牛肝,139,100
459,肉类的食物热量表,4,乌鸦肉,136,100
460,肉类的食物热量表,4,羊肝,134,100
461,肉类的食物热量表,4,鸡胸脯肉,133,100
462,肉类的食物热量表,4,猪脑,131,100
463,肉类的食物热量表,4,猪肝,129,99
464,肉类的食物热量表,4,鹅肝,129,100
465,肉类的食物热量表,4,喜鹊肉,128,100
466,肉类的食物热量表,4,鸭肝,128,100
467,肉类的食物热量表,4,土鸡,124,58
468,肉类的食物热量表,4,马肉,122,100
469,肉类的食物热量表,4,鸡肝(肉鸡),121,100
470,肉类的食物热量表,4,鸡肝,121,100
471,肉类的食物热量表,4,猪心,119,97
472,肉类的食物热量表,4,羊肉(瘦),118,90
473,肉类的食物热量表,4,鸡胗,118,100
474,肉类的食物热量表,4,方腿,117,100
475,肉类的食物热量表,4,狗肉,116,80
476,肉类的食物热量表,4,驴肉(瘦),116,100
477,肉类的食物热量表,4,羊心,113,100
478,肉类的食物热量表,4,羊肉(前腿),111,71
479,肉类的食物热量表,4,乌骨鸡,111,48
480,肉类的食物热量表,4,鹌鹑,110,58
481,肉类的食物热量表,4,猪肚,110,96
482,肉类的食物热量表,4,羊肉(胸脯),109,81
483,肉类的食物热量表,4,羊肉(颈),109,74
484,肉类的食物热量表,4,牛肉(瘦),106,100
485,肉类的食物热量表,4,火鸡胸脯肉,103,100
486,肉类的食物热量表,4,羊肉(后腿),102,77
487,肉类的食物热量表,4,兔肉,102,100
488,肉类的食物热量表,4,牛肉(前腱),100,95
489,肉类的食物热量表,4,鹅肫,100,100
490,肉类的食物热量表,4,牛肉(后腿),98,100
491,肉类的食物热量表,4,猪腰子,96,93
492,肉类的食物热量表,4,牛肉(前腿),95,100
493,肉类的食物热量表,4,牛肺,94,100
494,肉类的食物热量表,4,羊肉(脊背),94,100
495,肉类的食物热量表,4,牛肉(后腱),93,94
496,肉类的食物热量表,4,鸭肫,92,93
497,肉类的食物热量表,4,火鸡肫,91,100
498,肉类的食物热量表,4,火鸡腿,90,100
499,肉类的食物热量表,4,羊肾,90,100
500,肉类的食物热量表,4,鸭胸脯肉,90,100
501,肉类的食物热量表,4,羊肚,87,100
502,肉类的食物热量表,4,野兔肉,84,100
503,肉类的食物热量表,4,猪肺,84,97
504,肉类的食物热量表,4,牛肚,72,100
505,肉类的食物热量表,4,羊大肠,70,100
506,肉类的食物热量表,4,猪小肠,65,100
507,肉类的食物热量表,4,鸭血(白鸭),58,100
508,肉类的食物热量表,4,羊血,57,100
509,肉类的食物热量表,4,猪血,55,100
510,肉类的食物热量表,4,鸡血,49,100
511,蛋类的食物热量表,5,蛋黄粉,644,100
512,蛋类的食物热量表,5,鸡蛋粉,545,100
513,蛋类的食物热量表,5,鸭蛋黄,378,100
514,蛋类的食物热量表,5,鸡蛋黄,328,100
515,蛋类的食物热量表,5,鹅蛋黄,324,100
516,蛋类的食物热量表,5,鹅蛋,196,87
517,蛋类的食物热量表,5,咸鸭蛋,190,88
518,蛋类的食物热量表,5,鸭蛋,180,87
519,蛋类的食物热量表,5,松花蛋(鸡),178,83
520,蛋类的食物热量表,5,松花蛋(鸭),171,90
521,蛋类的食物热量表,5,鹌鹑蛋,160,86
522,蛋类的食物热量表,5,鸡蛋(红皮),156,88
523,蛋类的食物热量表,5,鹌鹑蛋(五香罐头),152,89
524,蛋类的食物热量表,5,鸡蛋(白皮),138,87
525,蛋类的食物热量表,5,鸡蛋白,60,100
526,蛋类的食物热量表,5,鹅蛋白,48,100
527,蛋类的食物热量表,5,鸭蛋白,47,100
528,水产类的食物热量表,6,鲮鱼(罐头),399,100
529,水产类的食物热量表,6,淡菜(干),355,100
530,水产类的食物热量表,6,蛏干,340,100
531,水产类的食物热量表,6,鲍鱼(干),322,100
532,水产类的食物热量表,6,鱿鱼(干),313,98
533,水产类的食物热量表,6,鱼片干,303,100
534,水产类的食物热量表,6,墨鱼(干),287,82
535,水产类的食物热量表,6,干贝,264,100
536,水产类的食物热量表,6,海参,262,93
537,水产类的食物热量表,6,鱼子酱(大麻哈),252,100
538,水产类的食物热量表,6,海鲫鱼,206,60
539,水产类的食物热量表,6,丁香鱼(干),196,100
540,水产类的食物热量表,6,海米,195,100
541,水产类的食物热量表,6,堤鱼,191,64
542,水产类的食物热量表,6,河鳗,181,84
543,水产类的食物热量表,6,腭针鱼,180,75
544,水产类的食物热量表,6,香海螺,163,59
545,水产类的食物热量表,6,快鱼,159,71
546,水产类的食物热量表,6,鲐鱼,155,66
547,水产类的食物热量表,6,虾皮,153,100
548,水产类的食物热量表,6,白姑鱼,150,67
549,水产类的食物热量表,6,胡子鲇,146,50
550,水产类的食物热量表,6,大麻哈鱼,143,72
551,水产类的食物热量表,6,平鱼,142,70
552,水产类的食物热量表,6,尖嘴白,137,80
553,水产类的食物热量表,6,鳊鱼(武昌鱼),135,59
554,水产类的食物热量表,6,八爪鱼,135,78
555,水产类的食物热量表,6,口头鱼,134,56
556,水产类的食物热量表,6,黄姑鱼,133,63
557,水产类的食物热量表,6,带鱼,127,76
558,水产类的食物热量表,6,黄鳍鱼,124,52
559,水产类的食物热量表,6,鲚鱼(小凤尾鱼),124,90
560,水产类的食物热量表,6,边鱼,124,70
561,水产类的食物热量表,6,沙梭鱼,122,72
562,水产类的食物热量表,6,海鳗,122,67
563,水产类的食物热量表,6,鲅鱼,122,80
564,水产类的食物热量表,6,银鱼,119,100
565,水产类的食物热量表,6,红螺,119,55
566,水产类的食物热量表,6,桂鱼,117,61
567,水产类的食物热量表,6,青鱼,116,63
568,水产类的食物热量表,6,赤眼鳟(金目鱼),114,59
569,水产类的食物热量表,6,梅童鱼,113,63
570,水产类的食物热量表,6,草鱼,112,58
571,水产类的食物热量表,6,鲨鱼,110,56
572,水产类的食物热量表,6,鲤鱼,109,54
573,水产类的食物热量表,6,鲫鱼,108,54
574,水产类的食物热量表,6,比目鱼,107,72
575,水产类的食物热量表,6,鲷(加吉鱼),106,65
576,水产类的食物热量表,6,鲚鱼(大凤尾鱼),106,79
577,水产类的食物热量表,6,片口鱼,105,68
578,水产类的食物热量表,6,河蟹,103,42
579,水产类的食物热量表,6,鲇鱼,102,65
580,水产类的食物热量表,6,鲢鱼,102,61
581,水产类的食物热量表,6,基围虾,101,60
582,水产类的食物热量表,6,金线鱼,100,40
583,水产类的食物热量表,6,狗母鱼,100,67
584,水产类的食物热量表,6,鲈鱼,100,58
585,水产类的食物热量表,6,鳙鱼(胖头鱼),100,61
586,水产类的食物热量表,6,小黄花鱼,99,63
587,水产类的食物热量表,6,红鳟鱼,99,57
588,水产类的食物热量表,6,罗非鱼,98,55
589,水产类的食物热量表,6,蛤蜊(毛蛤蜊),97,25
590,水产类的食物热量表,6,泥鳅,96,60
591,水产类的食物热量表,6,大黄鱼,96,66
592,水产类的食物热量表,6,鲮鱼,95,57
593,水产类的食物热量表,6,海蟹,95,55
594,水产类的食物热量表,6,梭子蟹,95,49
595,水产类的食物热量表,6,螯虾,93,31
596,水产类的食物热量表,6,对虾,93,61
597,水产类的食物热量表,6,龙虾,90,46
598,水产类的食物热量表,6,黄鳝(鳝鱼),89,67
599,水产类的食物热量表,6,沙丁鱼,88,67
600,水产类的食物热量表,6,明太鱼,88,45
601,水产类的食物热量表,6,石斑鱼,85,57
602,水产类的食物热量表,6,明虾,85,57
603,水产类的食物热量表,6,河虾,84,86
604,水产类的食物热量表,6,乌贼,84,97
605,水产类的食物热量表,6,麦穗鱼,84,63
606,水产类的食物热量表,6,鲍鱼,84,65
607,水产类的食物热量表,6,面包鱼,83,52
608,水产类的食物热量表,6,墨鱼,82,69
609,水产类的食物热量表,6,琵琶虾,81,32
610,水产类的食物热量表,6,淡菜(鲜),80,49
611,水产类的食物热量表,6,海虾,79,51
612,水产类的食物热量表,6,鲜贝,77,100
613,水产类的食物热量表,6,非洲黑鲫鱼,77,53
614,水产类的食物热量表,6,鱿鱼(水浸),75,98
615,水产类的食物热量表,6,海蛰头,74,100
616,水产类的食物热量表,6,牡蛎,73,100
617,水产类的食物热量表,6,蚶子,71,27
618,水产类的食物热量表,6,海参(鲜),71,100
619,水产类的食物热量表,6,蚌肉,71,63
620,水产类的食物热量表,6,海蛎肉,66,100
621,水产类的食物热量表,6,乌鱼蛋,66,73
622,水产类的食物热量表,6,蟹肉,62,100
623,水产类的食物热量表,6,鲜赤贝,61,34
624,水产类的食物热量表,6,黄鳝(鳝丝),61,88
625,水产类的食物热量表,6,鲜扇贝,60,35
626,水产类的食物热量表,6,田螺,60,26
627,水产类的食物热量表,6,生蚝,57,100
628,水产类的食物热量表,6,蛤蜊(沙蛤),56,50
629,水产类的食物热量表,6,章鱼,52,100
630,水产类的食物热量表,6,河蚬,47,35
631,水产类的食物热量表,6,蛤蜊(花蛤),45,46
632,水产类的食物热量表,6,蛏子,40,57
633,水产类的食物热量表,6,河蚌,36,23
634,水产类的食物热量表,6,海蛰皮,33,100
635,水产类的食物热量表,6,海参(水浸),24,100
636,奶类的食物热量表,7,黄油,892,100
637,奶类的食物热量表,7,奶油,720,100
638,奶类的食物热量表,7,黄油渣,599,100
639,奶类的食物热量表,7,牛奶粉(母乳化奶粉),510,100
640,奶类的食物热量表,7,羊奶粉(全脂),498,100
641,奶类的食物热量表,7,牛奶粉(强化维生素),484,100
642,奶类的食物热量表,7,牛奶粉(全脂),478,100
643,奶类的食物热量表,7,奶片,472,100
644,奶类的食物热量表,7,牛奶粉(全脂速溶),466,100
645,奶类的食物热量表,7,奶皮子,460,100
646,奶类的食物热量表,7,牛奶粉(婴儿奶粉),443,100
647,奶类的食物热量表,7,奶疙瘩,426,100
648,奶类的食物热量表,7,冰淇淋粉,396,100
649,奶类的食物热量表,7,奶豆腐(脱脂),343,100
650,奶类的食物热量表,7,"炼乳(罐头,甜)",332,100
651,奶类的食物热量表,7,奶酪,328,100
652,奶类的食物热量表,7,奶豆腐(鲜),305,100
653,奶类的食物热量表,7,酸奶,72,100
654,奶类的食物热量表,7,果料酸奶,67,100
655,奶类的食物热量表,7,母乳,65,100
656,奶类的食物热量表,7,酸奶(中脂),64,100
657,奶类的食物热量表,7,酸奶(高蛋白),62,100
658,奶类的食物热量表,7,羊奶(鲜),59,100
659,奶类的食物热量表,7,脱脂酸奶,57,100
660,奶类的食物热量表,7,牛奶,54,100
661,奶类的食物热量表,7,"牛奶(强化VA,VD)",51,100
662,奶类的食物热量表,7,酸奶(橘味脱脂),48,100
663,奶类的食物热量表,7,果味奶,20,100
664,油脂类的食物热量表,8,棕榈油,900,100
665,油脂类的食物热量表,8,菜籽油,899,100
666,油脂类的食物热量表,8,茶油,899,100
667,油脂类的食物热量表,8,豆油,899,100
668,油脂类的食物热量表,8,花生油,899,100
669,油脂类的食物热量表,8,葵花籽油,899,100
670,油脂类的食物热量表,8,棉籽油,899,100
671,油脂类的食物热量表,8,牛油(炼),898,100
672,油脂类的食物热量表,8,色拉油,898,100
673,油脂类的食物热量表,8,香油,898,100
674,油脂类的食物热量表,8,猪油(炼),897,100
675,油脂类的食物热量表,8,鸭油(炼),897,100
676,油脂类的食物热量表,8,大麻油,897,100
677,油脂类的食物热量表,8,羊油(炼),895,100
678,油脂类的食物热量表,8,玉米油,895,100
679,油脂类的食物热量表,8,牛油,835,100
680,油脂类的食物热量表,8,猪油(未炼),827,100
681,油脂类的食物热量表,8,羊油,824,100
682,油脂类的食物热量表,8,辣椒油,450,100
683,油脂类的食物热量表,8,胡麻油,450,100
684,糕点小吃的食物热量表,9,VC饼干,572,100
685,糕点小吃的食物热量表,9,曲奇饼,546,100
686,糕点小吃的食物热量表,9,焦圈,544,100
687,糕点小吃的食物热量表,9,维夫饼干,528,100
688,糕点小吃的食物热量表,9,麻花,524,100
689,糕点小吃的食物热量表,9,开口笑,512,100
690,糕点小吃的食物热量表,9,凤尾酥,511,100
691,糕点小吃的食物热量表,9,起酥,499,100
692,糕点小吃的食物热量表,9,京式黄酥,490,100
693,糕点小吃的食物热量表,9,桃酥,481,100
694,糕点小吃的食物热量表,9,核桃薄脆,480,100
695,糕点小吃的食物热量表,9,福来酥,465,100
696,糕点小吃的食物热量表,9,春卷,463,100
697,糕点小吃的食物热量表,9,硬皮糕点,463,100
698,糕点小吃的食物热量表,9,鹅油卷,461,100
699,糕点小吃的食物热量表,9,混糖糕点,453,100
700,糕点小吃的食物热量表,9,蛋麻脆,452,100
701,糕点小吃的食物热量表,9,开花豆,446,100
702,糕点小吃的食物热量表,9,钙奶饼干,444,100
703,糕点小吃的食物热量表,9,月饼(奶油果馅),441,100
704,糕点小吃的食物热量表,9,江米条,439,100
705,糕点小吃的食物热量表,9,月饼(奶油松仁),438,100
706,糕点小吃的食物热量表,9,鸡腿酥,436,100
707,糕点小吃的食物热量表,9,黑麻香酥,436,100
708,糕点小吃的食物热量表,9,京八件,435,100
709,糕点小吃的食物热量表,9,状元饼,435,100
710,糕点小吃的食物热量表,9,奶油饼干,429,100
711,糕点小吃的食物热量表,9,饼干(奶油),429,100
712,糕点小吃的食物热量表,9,月饼(百寿宴点),428,100
713,糕点小吃的食物热量表,9,酥皮糕点,426,100
714,糕点小吃的食物热量表,9,月饼(枣泥),424,100
715,糕点小吃的食物热量表,9,黑洋酥,417,100
716,糕点小吃的食物热量表,9,月饼(五仁),416,100
717,糕点小吃的食物热量表,9,苏打饼干,408,100
718,糕点小吃的食物热量表,9,香油炒面,407,100
719,糕点小吃的食物热量表,9,月饼(豆沙),405,100
720,糕点小吃的食物热量表,9,麻香糕,401,100
721,糕点小吃的食物热量表,9,麻烘糕,397,100
722,糕点小吃的食物热量表,9,菠萝豆,392,100
723,糕点小吃的食物热量表,9,蛋黄酥,386,100
724,糕点小吃的食物热量表,9,蛋糕(奶油),378,100
725,糕点小吃的食物热量表,9,面包(法式牛角),375,100
726,糕点小吃的食物热量表,9,藕粉,372,100
727,糕点小吃的食物热量表,9,美味香酥卷,368,100
728,糕点小吃的食物热量表,9,蜜麻花,367,100
729,糕点小吃的食物热量表,9,绿豆糕,349,100
730,糕点小吃的食物热量表,9,蛋糕,347,100
731,糕点小吃的食物热量表,9,桂花藕粉,344,100
732,糕点小吃的食物热量表,9,蛋糕(蛋清),339,100
733,糕点小吃的食物热量表,9,茯苓夹饼,332,100
734,糕点小吃的食物热量表,9,碗糕,332,100
735,糕点小吃的食物热量表,9,面包(黄油),329,100
736,糕点小吃的食物热量表,9,烧饼,326,100
737,糕点小吃的食物热量表,9,面包(椰圈),320,100
738,糕点小吃的食物热量表,9,蛋糕(蒸),320,100
739,糕点小吃的食物热量表,9,面包(多维),318,100
740,糕点小吃的食物热量表,9,面包,312,100
741,糕点小吃的食物热量表,9,栗羊羹,301,100
742,糕点小吃的食物热量表,9,面包(法式配餐),282,100
743,糕点小吃的食物热量表,9,炸糕,280,100
744,糕点小吃的食物热量表,9,面包(维生素),279,100
745,糕点小吃的食物热量表,9,面包(果料),278,100
746,糕点小吃的食物热量表,9,面包(咸),274,100
747,糕点小吃的食物热量表,9,面包(麦胚),246,100
748,糕点小吃的食物热量表,9,三鲜豆皮,240,100
749,糕点小吃的食物热量表,9,烧麦,238,100
750,糕点小吃的食物热量表,9,汤包,238,100
751,糕点小吃的食物热量表,9,驴打滚,194,100
752,糕点小吃的食物热量表,9,白水羊头,193,100
753,糕点小吃的食物热量表,9,艾窝窝,190,100
754,糕点小吃的食物热量表,9,爱窝窝,190,100
755,糕点小吃的食物热量表,9,年糕,154,100
756,糕点小吃的食物热量表,9,灌肠,134,100
757,糕点小吃的食物热量表,9,豌豆黄,133,100
758,糕点小吃的食物热量表,9,炒肝,96,100
759,糕点小吃的食物热量表,9,油茶,94,100
760,糕点小吃的食物热量表,9,茶汤,92,100
761,糕点小吃的食物热量表,9,小豆粥,61,100
762,糕点小吃的食物热量表,9,凉粉(带调料),50,100
763,糕点小吃的食物热量表,9,豆腐脑(带卤),47,100
764,糕点小吃的食物热量表,9,凉粉,37,100
765,糕点小吃的食物热量表,9,豆汁(生),10,100
766,糖类的食物热量表,10,巧克力,586,100
767,糖类的食物热量表,10,巧克力(维夫),572,100
768,糖类的食物热量表,10,芝麻南糖,538,100
769,糖类的食物热量表,10,酥糖,436,100
770,糖类的食物热量表,10,奶糖,407,100
771,糖类的食物热量表,10,巧克力(酒芯),400,100
772,糖类的食物热量表,10,酸三色糖,397,100
773,糖类的食物热量表,10,冰糖,397,100
774,糖类的食物热量表,10,绵白糖,396,100
775,糖类的食物热量表,10,红糖,389,100
776,糖类的食物热量表,10,米花糖,384,100
777,糖类的食物热量表,10,泡泡糖,360,68
778,糖类的食物热量表,10,淀粉(团粉),346,100
779,糖类的食物热量表,10,淀粉(玉米),345,100
780,糖类的食物热量表,10,淀粉(土豆粉),337,100
781,糖类的食物热量表,10,蜂蜜,321,100
782,饮料类的食物热量表,11,麦乳精,429,100
783,饮料类的食物热量表,11,酸梅精,394,100
784,饮料类的食物热量表,11,山楂精,386,100
785,饮料类的食物热量表,11,二锅头(58度),352,100
786,饮料类的食物热量表,11,可可粉,320,100
787,饮料类的食物热量表,11,甲级龙井,309,100
788,饮料类的食物热量表,11,铁观音,304,100
789,饮料类的食物热量表,11,绿茶,296,100
790,饮料类的食物热量表,11,红茶,294,100
791,饮料类的食物热量表,11,花茶,281,100
792,饮料类的食物热量表,11,橘汁(浓缩蜜橘),235,100
793,饮料类的食物热量表,11,紫雪糕,228,100
794,饮料类的食物热量表,11,砖茶,206,100
795,饮料类的食物热量表,11,冰砖,153,100
796,饮料类的食物热量表,11,冰淇淋,126,100
797,饮料类的食物热量表,11,橘子汁,119,100
798,饮料类的食物热量表,11,红葡萄酒(16度),91,100
799,饮料类的食物热量表,11,红葡萄酒(12度),68,100
800,饮料类的食物热量表,11,白葡萄酒(11度),62,100
801,饮料类的食物热量表,11,喜乐,53,100
802,饮料类的食物热量表,11,冰棍,47,100
803,饮料类的食物热量表,11,杏仁露,46,100
804,饮料类的食物热量表,11,汽水(特制),42,100
805,饮料类的食物热量表,11,巧克力豆奶,39,100
806,饮料类的食物热量表,11,柠檬汽水,38,100
807,饮料类的食物热量表,11,北京6度特制啤酒,35,100
808,茵藻类的食物热量表,12,石花菜,314,100
809,茵藻类的食物热量表,12,琼脂,311,100
810,茵藻类的食物热量表,12,发菜,246,100
811,茵藻类的食物热量表,12,口蘑,242,100
812,茵藻类的食物热量表,12,普中红蘑,214,100
813,茵藻类的食物热量表,12,珍珠白蘑,212,100
814,茵藻类的食物热量表,12,冬菇,212,86
815,茵藻类的食物热量表,12,香菇(干),211,95
816,茵藻类的食物热量表,12,杏丁蘑,207,100
817,茵藻类的食物热量表,12,紫菜,207,100
818,茵藻类的食物热量表,12,黑木耳,205,100
819,茵藻类的食物热量表,12,大红菇,200,100
820,茵藻类的食物热量表,12,白木耳,200,96
821,茵藻类的食物热量表,12,黄蘑,166,89
822,茵藻类的食物热量表,12,榛蘑,157,77
823,茵藻类的食物热量表,12,苔菜,148,100
824,茵藻类的食物热量表,12,松蘑,112,100
825,茵藻类的食物热量表,12,海带(干),77,98
826,茵藻类的食物热量表,12,金针菇,26,100
827,茵藻类的食物热量表,12,草菇,23,100
828,茵藻类的食物热量表,12,双孢蘑菇,22,97
829,茵藻类的食物热量表,12,水发木耳,21,100
830,茵藻类的食物热量表,12,金针菇(罐装),21,100
831,茵藻类的食物热量表,12,平菇,20,93
832,茵藻类的食物热量表,12,鲜蘑,20,99
833,茵藻类的食物热量表,12,香菇(鲜),19,100
834,茵藻类的食物热量表,12,海带(鲜),17,100
835,茵藻类的食物热量表,12,猴头菇(罐装),13,100
836,其它食品的食物热量表,13,芝麻酱,618,100
837,其它食品的食物热量表,13,花生酱,594,100
838,其它食品的食物热量表,13,芥末,476,100
839,其它食品的食物热量表,13,胡椒粉,357,100
840,其它食品的食物热量表,13,味精,268,100
841,其它食品的食物热量表,13,豆鼓(五香),244,100
842,其它食品的食物热量表,13,辣油豆瓣酱,184,100
843,其它食品的食物热量表,13,豆瓣酱,178,100
844,其它食品的食物热量表,13,甜面酱,136,100
845,其它食品的食物热量表,13,辣酱(麻),135,100
846,其它食品的食物热量表,13,黄酱,131,100
847,其它食品的食物热量表,13,醋,130,100
848,其它食品的食物热量表,13,牛肉辣瓣酱,127,100
849,其它食品的食物热量表,13,糖蒜,114,74
850,其它食品的食物热量表,13,甜辣黄瓜,99,100
851,其它食品的食物热量表,13,郫县辣酱,89,100
852,其它食品的食物热量表,13,合锦菜,75,100
853,其它食品的食物热量表,13,八宝菜(酱),72,100
854,其它食品的食物热量表,13,酱油,71,100
855,其它食品的食物热量表,13,萝卜干,60,100
856,其它食品的食物热量表,13,豆瓣辣酱,59,100
857,其它食品的食物热量表,13,大头菜(桂花),51,100
858,其它食品的食物热量表,13,冬菜,46,100
859,其它食品的食物热量表,13,酱苤蓝丝,39,100
860,其它食品的食物热量表,13,芥菜头,38,100
861,其它食品的食物热量表,13,辣萝卜条,37,100
862,其它食品的食物热量表,13,大头菜(酱),36,100
863,其它食品的食物热量表,13,辣椒糊,31,100
864,其它食品的食物热量表,13,酱萝卜,30,100
865,其它食品的食物热量表,13,榨菜,29,100
866,其它食品的食物热量表,13,腌雪里红,25,100
867,其它食品的食物热量表,13,酱黄瓜,24,100
868,其它食品的食物热量表,13,韭菜花(腌),15,100
869,其它食品的食物热量表,13,芝麻酱,618,100
870,其它食品的食物热量表,13,花生酱,594,100
871,其它食品的食物热量表,13,芥末,476,100
872,其它食品的食物热量表,13,胡椒粉,357,100
873,其它食品的食物热量表,13,味精,268,100
874,其它食品的食物热量表,13,豆鼓(五香),244,100
875,其它食品的食物热量表,13,辣油豆瓣酱,184,100
876,其它食品的食物热量表,13,豆瓣酱,178,100
877,其它食品的食物热量表,13,甜面酱,136,100
878,其它食品的食物热量表,13,辣酱(麻),135,100
879,其它食品的食物热量表,13,黄酱,131,100
880,其它食品的食物热量表,13,醋,130,100
881,其它食品的食物热量表,13,牛肉辣瓣酱,127,100
882,其它食品的食物热量表,13,糖蒜,114,74
883,其它食品的食物热量表,13,甜辣黄瓜,99,100
884,其它食品的食物热量表,13,郫县辣酱,89,100
885,其它食品的食物热量表,13,合锦菜,75,100
